,GUID,Title,Map
0,1559722217,PEASEY BECK,"(54.26177,-2.7023099999999998)"
1,1559719420,REA BROOK,"(52.69384,-2.7523400000000002)"
2,1549816945,,"(51.47987,-3.3334)"
3,1559520159,ROCHE ABBEY MTR SITE,"(53.40175,-1.1795)"
4,1559537864,CULM,"(50.891999999999996,-3.3513699999999997)"
5,1887266437,Llandrillo,"(52.93581,-3.4449400000000003)"
6,1888353019,,"(51.839890000000004,-3.1228700000000003)"
7,1559587046,TETNEY,"(53.49489000000001,-0.00489)"
8,1561799052,,"(52.91165,-1.57021)"
9,1518170984,"Bonnybridge, Forth+Clyde Canal","(56.003,-3.8857800000000013)"
10,1513165649,"River Esk, Musselburgh","(55.96359,-3.04279)"
11,1946674046,,"(51.654269,-1.878193)"
12,1519375372,,"(51.89277,-4.68995)"
13,1559530850,BEACHES MILL MACROPHYTE SURVEY SITE,"(51.737559999999995,0.44688)"
14,1561799718,,"(52.94798,-1.68891)"
15,1516239521,VC99 Dunbartonshire,"(56.11558,-4.816269999999999)"
16,1537054349,,"(53.579930000000004,-2.7189)"
17,1561801620,,"(52.78609,-1.66041)"
18,1562442992,"Hengistbury Head,The Nursery","(50.71703,-1.75702)"
19,1208991202,Styford Hall,"(54.957138,-1.9781080000000002)"
20,1946663260,,"(50.683246000000004,-2.221882)"
21,1946669975,,"(53.70216,-1.78875)"
22,1559570733,SEVERN,"(52.2312,-2.24227)"
23,1537757525,,"(54.1332,-2.6289700000000003)"
24,1537056296,,"(53.81482,-2.4799)"
25,1555503485,,"(57.22732,-2.8546)"
26,1550856716,,"(51.55408,-3.5158699999999996)"
27,1549820198,,"(51.5014,-3.3765300000000003)"
28,1558217052,,"(52.642540000000004,-1.7797599999999998)"
29,1888345464,,"(52.64523000000001,-3.1529700000000003)"
30,1946678547,,"(53.965959999999995,-1.11201)"
31,1537055477,,"(53.765119999999996,-2.63331)"
32,1559588254,LAKE CENTRE POINT,"(53.06061999999999,-1.62916)"
33,1537056761,,"(53.72895,-2.48726)"
34,1559530957,TRIB OF CAM,"(52.02426,0.22926999999999997)"
35,1559527604,SPITZ BRIDGE,"(51.18652,0.47768)"
36,1537125097,,"(53.737919999999995,-2.59273)"
37,1057077689,,"(nan,nan)"
38,2528908369,,"(53.79968,-1.04506)"
39,1885182469,,"(51.54724,-2.85945)"
40,1537052005,,"(54.150659999999995,-2.7211)"
41,1946675871,,"(53.717,-1.7832700000000001)"
42,1946667023,,"(51.51025,-0.66281)"
43,1559679990,DUDDINGTON,"(52.59741999999999,-0.5464600000000001)"
44,1946668005,,"(53.57057,-2.50239)"
45,1537055583,,"(53.73381,-2.5093)"
46,1542139878,Sandown Marsh Meadows H&IWWT - Fld B - river,"(50.663959999999996,-1.1687)"
47,1518852495,,"(51.63507,-4.0966)"
48,1946674730,,"(53.7468,-1.79489)"
49,1549812922,,"(51.65809,-3.64911)"
50,1946661893,,"(52.84184000000001,-1.495839)"
51,1559716350,BOMARSUND,"(55.15094000000001,-1.5723799999999999)"
52,1540682622,River Irfon,"(52.147420000000004,-3.4168300000000005)"
53,1559589063,IMMEDIATELY BELOW ALDERSHOT NORTH TOWN STW,"(51.24819,-0.73554)"
54,1946670132,,"(53.681194,-1.462224)"
55,1559589693,HOLGATE,"(53.96484,-1.11056)"
56,1886432594,The Home,"(52.50879000000001,-2.9223)"
57,1537061799,,"(53.653659999999995,-2.7859700000000003)"
58,1561798933,,"(52.85661999999999,-1.33313)"
59,1887252210,Corwen,"(52.979440000000004,-3.25703)"
60,1555503279,,"(57.24621,-2.7059)"
61,1559659452,D/S HALL PLACE,"(51.44728,0.16219)"
62,1537060899,,"(53.79088,-2.2086799999999998)"
63,1517997224,Borders,"(55.792759999999994,-2.1052299999999997)"
64,1537059594,,"(53.69818000000001,-2.53688)"
65,1559680002,LITTLE THURLOW CHURCH BRIDGE,"(52.13399999999999,0.45393999999999995)"
66,1887259250,"Alyn Valley, Pandy","(53.1836,-3.2048099999999997)"
67,1537482929,,"(53.53761,-2.98224)"
68,1946664157,,"(53.62754,-2.31711)"
69,1517321436,"The Homesteads, Cambusbarron","(56.118140000000004,-3.9646)"
70,1551201251,,"(51.72224,-4.245419999999998)"
71,1561927470,Underbarrow,"(54.34455,-2.82832)"
72,1927602238,,"(52.727419999999995,-3.112)"
73,1559538173,LEW,"(50.66496,-4.15566)"
74,2534219084,NO1803215223,"(56.3223,-3.3268699999999995)"
75,1538401968,,"(53.75604000000001,-2.56265)"
76,1537058720,,"(53.8024,-2.71738)"
77,1885061311,Afon Gronwr; South of Llanboidy,"(51.87213,-4.58775)"
78,1946675864,,"(53.41983000000001,-2.14627)"
79,1559636460,"AT MANOR ROAD, LUTON","(51.87721,-0.40563)"
80,1886077024,Shropshire,"(52.6575,-2.87368)"
81,1946661498,,"(52.405761,-4.073828)"
82,1946663212,,"(51.195495,-2.164441)"
83,1561800306,,"(53.325419999999994,-1.65615)"
84,1946663338,,"(51.712503999999996,-1.786615)"
85,1946678664,,"(51.519148,-2.068825)"
86,1515322275,Barry Links,"(56.5049,-2.7326799999999998)"
87,1946678783,,"(51.648379999999996,-4.99164)"
88,1537053227,,"(53.63394,-2.7046900000000003)"
89,1551556151,,"(53.35995,-2.67762)"
90,1556561705,Upton Warren:Moors Pool,"(52.30153,-2.10334)"
91,1088876902,Ballymoyer Forest. Armagh.,"(54.214369,-6.521555)"
92,1537121017,,"(53.64773,-2.65197)"
93,1537679159,,"(53.882580000000004,-2.3818)"
94,1538468209,,"(53.703269999999996,-2.1984)"
95,1946675923,,"(52.301454,-1.57331)"
96,1946660210,,"(53.38318,-1.36042)"
97,1549822413,,"(51.658409999999996,-3.8555699999999997)"
98,1559548864,PEN-Y-BONT,"(52.60077,-3.8566800000000003)"
99,1946678177,,"(50.703059,-3.087801)"
100,1946675650,,"(53.5557,-2.35758)"
101,1559536396,WYE,"(51.18506,0.92984)"
102,1885753007,,"(51.555859999999996,-3.3716800000000005)"
103,1561803078,,"(53.361869999999996,-2.01649)"
104,1537288499,,"(54.18601999999999,-2.81366)"
105,1885827126,,"(51.73384,-3.5218800000000003)"
106,2534535198,,"(52.02282,-4.79096)"
107,1946664361,,"(53.840741,-1.492538)"
108,1538476385,,"(53.71946,-2.68339)"
109,1516732987,Quadrant NO43SE,"(56.48044,-2.8369299999999997)"
110,1561794277,,"(53.0912,-1.5087)"
111,1555503095,,"(57.2463,-2.68933)"
112,1559681877,"MOREDON BRIDGE, SWINDON","(51.58398,-1.8245900000000002)"
113,1559664776,D/S DEVON U/S NEWARK STW MTR SITE,"(53.086659999999995,-0.80476)"
114,1946672464,,"(51.00839000000001,-2.1308380000000002)"
115,1537569537,,"(53.73878000000001,-2.38049)"
116,1559530053,80M D/S APPLEDORE STW,"(51.0346,0.79337)"
117,1513711685,Carrbridge,"(57.284569999999995,-3.8098400000000003)"
118,1550994076,,"(51.63756,-3.9521900000000003)"
119,1550756876,,"(51.46597,-3.36899)"
120,1946677014,,"(53.359559999999995,-1.34184)"
121,1887253514,"Alyn Valley, Pont-newydd","(53.17709,-3.21749)"
122,1885179570,,"(51.61132,-2.68736)"
123,1887259869,1002 - Ty'n-y-coed,"(53.11923,-4.25623)"
124,1559523068,U/S L.LINSLADE MTR SITE,"(51.92995,-0.66993)"
125,1559527204,LEWES BROOKS SITE 8,"(50.857440000000004,0.004070000000000001)"
126,1559524618,BULSTAKE STREAM,"(51.75541,-1.27631)"
127,1537246817,,"(53.73887,-2.35017)"
128,1559660001,WYE,"(52.08047,-2.9127099999999997)"
129,1518435950,Royal Aberdeen Golf Course,"(57.189780000000006,-2.0843599999999998)"
130,1561803973,,"(52.87589000000001,-1.63)"
131,1887251914,Corwen,"(52.97726,-3.2794199999999996)"
132,1513660282,Philpstoun (South),"(55.971959999999996,-3.5317300000000005)"
133,1559692980,CLOVES BRIDGE,"(53.391369999999995,0.20683)"
134,1946662139,,"(53.521875,-1.361776)"
135,1559643934,OAKHANGER STREAM,"(51.114090000000004,-0.90207)"
136,1542986667,10 DEE (CLWYD) [Manley Hall],"(52.96641999999999,-2.97296)"
137,1559572859,300M D/S PAGHAM STW MTR,"(50.77895,-0.75249)"
138,1088876270,Trillick Tributary at Carran Bridge,"(54.45741500000001,-7.522)"
139,1946668553,,"(52.105526,1.325112)"
140,1559731297,COLTISHALL BRIDGE MACROPHYTE SURVEY SITE (ECN R10) SECT 1,"(52.72971,1.35384)"
141,1946006693,,"(52.1265,-3.3606599999999998)"
142,1888348850,,"(52.817609999999995,-3.02475)"
143,1946664311,,"(53.676742000000004,-2.479177)"
144,1559575463,DUDDINGTON MTR SITE (SECTION 3),"(52.59835,-0.54938)"
145,2529478558,,"(51.486259999999994,-2.5270599999999996)"
146,1537720641,,"(53.59426,-2.5605)"
147,1554482291,USK,"(51.940329999999996,-3.3652)"
148,1671736577,,"(52.327022,-1.7056080000000002)"
149,1517769451,Borders,"(55.90056,-2.1215200000000003)"
150,1537378348,,"(53.75604000000001,-2.56265)"
151,1559540428,D/S MARKET HARBOROUGH STW,"(52.494069999999994,-0.88129)"
152,1559510517,SHALMSFORD STREET,"(51.25541,0.99308)"
153,1559707902,UPSTREAM OF CONFLUENCE WITH UNNAMED TRIBUTARY,"(50.8631,-0.9918100000000001)"
154,1559540081,PYTCHLEY ROAD BRIDGE,"(52.37826,-0.72114)"
155,1946661289,,"(52.954269,-4.065282)"
156,1946672551,,"(53.62868,-2.31956)"
157,1519288095,,"(51.724920000000004,-4.10075)"
158,1559512239,TETNEY LOCK,"(53.49892,0.02244)"
159,1551841649,,"(53.181509999999996,-2.37554)"
160,1088876616,Owenkillew at Monanameal Bridge,"(54.70705400000001,-7.0490080000000015)"
161,1946675708,,"(52.556785999999995,-2.409966)"
162,1537206033,,"(53.73887,-2.35017)"
163,1559551960,LUMLEY PARK BURN,"(54.850559999999994,-1.51015)"
164,1562443558,Ferndown Common,"(50.79817,-1.8999099999999998)"
165,1946679131,,"(53.739230000000006,-1.78338)"
166,2539017370,Hanham,"(51.431020000000004,-2.5142)"
167,1537681430,,"(53.8429,-3.0197700000000003)"
168,2537632449,West Barns,"(55.9982,-2.55471)"
169,1946662277,,"(56.543,-3.4144099999999997)"
170,1559536376,ASH,"(51.80366,-0.0050100000000000006)"
171,1559581075,OUSE,"(50.986509999999996,0.02957)"
172,2529505311,,"(51.50375,-2.62811)"
173,1513743340,Loch Lomond: Ross Priory,"(56.032740000000004,-4.48916)"
174,1887254617,Worthenbury,"(53.002109999999995,-2.84823)"
175,1946678687,,"(53.781484999999996,-1.444499)"
176,1559709034,AT BLACKWALL BRIDGE PUMPING STATION,"(51.00207,0.6845100000000001)"
177,1538282156,,"(53.988519999999994,-2.7793)"
178,1517706283,Bearsden Windyhill,"(55.931869999999996,-4.3626)"
179,1559537098,U/S TORRINGTON MTR SITE,"(50.94911,-4.1588199999999995)"
180,1946664365,,"(53.521995999999994,-1.148315)"
181,1515770266,Quadrant NO32NW,"(56.45309,-3.06428)"
182,1885059372,Afon Gronwr; South of Llanboidy,"(51.87392,-4.58785)"
183,1555503247,,"(57.24648000000001,-2.65619)"
184,1537978090,,"(53.55713000000001,-2.7713400000000004)"
185,1516028729,Craiglockhart Dell,"(55.91895,-3.2536099999999997)"
186,1537051602,,"(53.68969,-2.25133)"
187,1559522966,FOX'S BRIDGE COMBERTON,"(52.17457,0.02179)"
188,1537497035,,"(53.70315,-2.2589900000000003)"
189,1561923660,Mockerkin Tarn,"(54.59249000000001,-3.41992)"
190,1559631888,ANGLEZARKE PHYTOPLANKTON SITE,"(53.63598,-2.5754200000000003)"
191,1559716756,SITE 10,"(50.94127,0.74649)"
192,1946663267,,"(53.721109,-1.4180760000000001)"
193,1885673558,,"(51.55887,-3.0832599999999997)"
194,1511729437,,"(53.359030000000004,-1.17506)"
195,1946665347,,"(55.39253000000001,-1.6024399999999999)"
196,1559620971,WITHERN,"(53.32248000000001,0.13871)"
197,1946663230,,"(51.666257,-1.8836240000000002)"
198,1888346864,,"(52.53524,-3.26068)"
199,1550930414,,"(51.46756,-3.22507)"
200,1517031923,Maidens,"(55.34307,-4.7927)"
201,1559509280,LOUGHOR,"(51.728120000000004,-4.0466)"
202,1559606090,TYNE,"(54.95486,-1.9133099999999998)"
203,1559549650,BOLLIN,"(53.3253,-2.20339)"
204,2534540246,Penbont side,"(51.999359999999996,-4.67379)"
205,1886493267,"River Severn at the English Bridge, Shrewsbury","(52.70645,-2.74811)"
206,1559526197,AT OGMORE CRESCENT,"(51.6056,-3.03745)"
207,1537249595,,"(54.15047,-2.7517099999999997)"
208,1946677847,,"(53.587709999999994,-2.42197)"
209,1946550930,,"(55.778130000000004,-4.0169)"
210,1518889456,,"(51.91845,-3.0919)"
211,1537828349,,"(54.023830000000004,-2.87154)"
212,2534529568,Pont Baldwyn needs verfic,"(52.01652,-4.76353)"
213,2536876344,,"(52.15,-3.5777699999999997)"
214,1519123479,,"(51.828559999999996,-3.0897200000000002)"
215,1559520103,BATCHPOOL (11**),"(51.03136,-2.38997)"
216,1559681409,BELGRAVE,"(52.66145,-1.1135899999999999)"
217,1946671774,,"(53.61085,-2.39226)"
218,1537064216,,"(53.79274,-2.67775)"
219,1551392247,,"(53.08936,-2.82268)"
220,1562442969,"Uddens Water,Station Road","(50.81704000000001,-1.8842599999999998)"
221,1946677205,,"(51.742662,-2.2947450000000003)"
222,1514701385,,"(52.33675,-2.28028)"
223,1537064550,,"(53.748169999999995,-2.39498)"
224,1559720110,BUGBROOKE MILL MTR SITE,"(52.227270000000004,-1.0065899999999999)"
225,1559718569,WHITEADDER,"(55.770759999999996,-2.08206)"
226,1946664827,,"(53.6135,-2.42258)"
227,1559716072,100M U/S BECKFORD BRIDGE,"(50.80883,-3.04382)"
228,1559583577,BRIDGE BETWEEN MILLS,"(52.33254,0.32988)"
229,1515957584,VC81 Berwickshire,"(55.69843,-2.08111)"
230,1559550341,GREAT BOWDEN ROAD BRIDGE,"(52.48791,-0.89617)"
231,1559518470,GREATHILL BECK,"(54.903859999999995,-3.02224)"
232,1946667817,,"(53.408005,-1.508366)"
233,1885058026,Gelli Aur,"(51.85948,-4.04239)"
234,1946663762,,"(53.305941000000004,-3.4774769999999995)"
235,1559538759,CADNEY MTR SITE,"(53.5128,-0.49118999999999996)"
236,1512105505,,"(53.44985,-1.32388)"
237,1559642536,SWANS POOL,"(52.291000000000004,-0.71633)"
238,1538281658,,"(53.77338,-2.68427)"
239,1559537787,U/S OF HORWICH MTR SITE,"(53.60011,-2.55982)"
240,1558974434,,"(52.17189000000001,-0.00539)"
241,1885062045,Allt-y-Wern SSSI,"(51.87448,-4.05905)"
242,2534541422,SN0908 Reynalton 1km sq,"(51.74273,-4.7607)"
243,1946660863,,"(53.60892,-2.4039599999999997)"
244,1946669681,,"(53.58784,-2.41986)"
245,1551449155,,"(53.36166,-2.22686)"
246,1559530199,WATERMEAD COUNTRY MTR SITE,"(52.68566,-1.10422)"
247,1549815195,,"(51.67881,-3.18665)"
248,1559606133,MOORHAYES FARM,"(50.8675,-3.37056)"
249,1559596632,ORMESBY LITTLE BROAD WFD MACROPHYTE SITE,"(52.66826,1.63762)"
250,1559512856,MID MEDWAY,"(51.22368,0.24049)"
251,1559627426,ACRESFORD,"(52.71429000000001,-1.5595700000000001)"
252,1559696231,COLTISHALL BRIDGE MACROPHYTE SURVEY SITE,"(52.72971,1.35384)"
253,1542958033,6 COLN,"(51.68804,-1.70557)"
254,1946667998,,"(51.659017999999996,-1.883507)"
255,1885183438,,"(51.63322,-3.73894)"
256,1559662310,RAVENSCROFT BRIDGE,"(53.20149,-2.44532)"
257,1559703557,ASH,"(51.854440000000004,0.0742)"
258,1561920932,,"(54.66789,-3.42875)"
259,1889426576,"Llyn Glasfryn SSSI, 1989","(52.95288000000001,-4.37938)"
260,1551758399,,"(53.27081999999999,-2.5262700000000002)"
261,1514974116,"St Cyrus, marsh nr waterfall","(56.77551,-2.3935)"
262,1537055839,,"(53.76003000000001,-2.6613)"
263,1559704979,TAME,"(53.43864,-2.13921)"
264,1559545543,BRETT,"(51.99745,0.9563799999999999)"
265,1559700229,250M D/S PENRITH STW OUTFALL,"(54.65815,-2.6936299999999997)"
266,1551231447,,"(51.64574,-3.3744)"
267,1514411640,River Stour,"(52.3548,-2.25103)"
268,1946666711,,"(57.17221,-2.10648)"
269,1561928178,,"(54.59451,-3.32093)"
270,1700810340,,"(53.47135,-3.00556)"
271,1537054726,,"(53.83331,-2.32817)"
272,2534163355,NX0888982405,"(55.09913,-4.99695)"
273,1559671879,BOLTON BRIDGE,"(53.971669999999996,-1.8909599999999998)"
274,1537852871,,"(53.60975,-2.95368)"
275,1887257446,Dolydd Lleniog (O01),"(53.292069999999995,-4.07859)"
276,1559594653,CREEDY,"(50.76701,-3.56615)"
277,1885062967,Edwinsford TN1511,"(51.99337,-3.99305)"
278,1946660619,,"(54.71649100000001,-3.4447379999999996)"
279,1537052595,,"(53.714259999999996,-2.79695)"
280,1559593896,B1090 ROAD BRIDGE,"(51.75007,0.65765)"
281,1514075390,,"(52.31909,-2.04543)"
282,1537064862,,"(53.83327,-2.3433599999999997)"
283,2538511540,"River Avon, south bank","(51.42671,-2.503)"
284,1537188272,,"(53.88123,-2.68603)"
285,1513670267,"Cove, tiny triangle SE of Woodleigh wood","(56.00212,-4.86415)"
286,1885062978,,"(51.669059999999995,-4.93503)"
287,1551777795,,"(53.0903,-2.67338)"
288,1946669264,,"(53.5877,-2.39879)"
289,1559571950,NENE,"(52.36753,-0.5687)"
290,1946664379,,"(53.395480000000006,-1.34794)"
291,1538046235,,"(53.55693,-2.80153)"
292,1888345645,,"(52.585069999999995,-3.1903200000000003)"
293,1537101395,,"(53.72048,-2.47125)"
294,1561928330,"Mill Beck, River Derwent","(54.62215,-3.1684900000000003)"
295,1519136150,,"(52.278009999999995,-3.10072)"
296,1559658471,D/S SKETCHLEY BROOK MTR SITE,"(52.51686,-1.42892)"
297,1888351402,,"(52.1174,-3.5468900000000003)"
298,1559556528,DULESGATE WATER,"(53.70473000000001,-2.11282)"
299,1559687771,ALCESTER,"(52.21699,-1.86749)"
300,1559735189,BOTTISHAM LOCK,"(52.26835,0.20779)"
301,1927560815,,"(52.63754,-3.1097200000000003)"
302,1551395516,,"(53.27081999999999,-2.5262700000000002)"
303,1543026910,3 Axe,"(50.814029999999995,-2.96161)"
304,1562699442,,"(50.73637,-1.76046)"
305,1885062674,Llanbydder TN1337,"(52.07287,-4.1609)"
306,1946662936,,"(53.396238000000004,-1.513541)"
307,1559605953,AT RICHMOND PARK,"(51.44253,-0.2539)"
308,1559739600,KIRDFORD BRIDGE,"(51.02754,-0.55189)"
309,1561799566,,"(52.876259999999995,-1.77857)"
310,1946664065,,"(53.751507999999994,-1.426872)"
311,1536142810,Long Melford,"(52.0545,0.69684)"
312,2540140261,South of High Littleton square,"(51.315490000000004,-2.51075)"
313,1946673682,,"(53.59455,-2.40152)"
314,1946673077,,"(53.573809999999995,-2.4041200000000003)"
315,1946666103,,"(52.52193199999999,1.208056)"
316,1946666224,,"(54.301251,-1.7192439999999998)"
317,1537770067,,"(53.70225,-2.53163)"
318,2533988093,Amberley wildbrooks - Ditch 72,"(50.9178,-0.52479)"
319,1064684855,,"(nan,nan)"
320,1559555502,TRIB OF MOLE,"(51.32049,-0.39774)"
321,1559734026,D/S SHENFIELD STW MACROPHYTE SURVEY SITE,"(51.64066,0.39252)"
322,1559729086,D/S STOKE BARDOLPH MTR SITE,"(52.9782,-1.03712)"
323,1888347662,,"(52.67063,-3.12825)"
324,1946661890,,"(53.72628,-1.7601099999999998)"
325,1514521997,SO94 tetrad S,"(52.10333,-2.04521)"
326,1551415727,,"(53.35995,-2.67762)"
327,1700801855,,"(53.48588,-2.98782)"
328,2537466586,Water of Leith,"(55.94954,-3.23093)"
329,1531326894,,"(52.68169,1.4752100000000001)"
330,1559656947,LEXDEN BRIDGE,"(51.89448,0.86531)"
331,1531788710,,"(52.596180000000004,1.32073)"
332,1946663833,,"(50.049135,-5.078787999999999)"
333,1551034894,,"(51.46756,-3.22507)"
334,1946678499,,"(53.848564,-1.744368)"
335,1537052466,,"(54.09123,-2.80951)"
336,1561799257,,"(52.96578,-1.62923)"
337,1537387268,,"(53.7025,-2.47105)"
338,1559532013,HADLEY BROOK,"(52.2924,-2.2088900000000002)"
339,1551231226,,"(51.55745,-3.22748)"
340,1885058117,Ur Cwmowrnant Resr,"(51.86827,-4.29699)"
341,1559548145,TEIGN,"(50.63659000000001,-3.6325199999999995)"
342,1559521353,STANSTEAD MILLSTREAM,"(51.79821,-0.00235)"
343,1559621228,Treby Ham,"(50.36595,-3.97615)"
344,1551433527,,"(53.17811999999999,-2.9739999999999998)"
345,1946670856,,"(52.01804,-3.97735)"
346,1559530084,AT STOKE D'ABERNON BRIDGE,"(51.30939,-0.37517)"
347,1513737292,Old Rayne,"(57.33732,-2.53903)"
348,1531337014,,"(52.58755,1.61542)"
349,1887257286,Llandderfel,"(52.91755,-3.5133)"
350,1700374502,,"(54.35596999999999,-4.48441)"
351,1549810263,,"(51.65245,-3.65576)"
352,1559527256,TRIB OF WOLF,"(50.820409999999995,-3.23857)"
353,1515955748,VC93 North Aberdeenshire,"(57.313340000000004,-2.7486900000000003)"
354,1551534248,,"(53.18188000000001,-2.22591)"
355,1912749347,Tournaig,"(57.791090000000004,-5.57429)"
356,1559581689,WOLVERLEY,"(52.41099000000001,-2.25061)"
357,1885583707,,"(51.55,-3.8042)"
358,1554483283,U/S CEIRW,"(53.014990000000004,-3.5613699999999997)"
359,1559531695,BELA,"(54.21293000000001,-2.75208)"
360,1946671627,,"(51.72715,-0.22998000000000002)"
361,1559668575,TWEED,"(55.70508,-2.16785)"
362,1559519723,REA BROOK,"(52.69384,-2.7523400000000002)"
363,1559557401,U/S CREDITON MTR SITE,"(50.78062,-3.62335)"
364,1055883937,,"(50.50383,-4.606325)"
365,1554483862,OLWAY BROOK,"(51.68689000000001,-2.88163)"
366,1887090067,Benmore Botanic Garden,"(56.02638,-4.97831)"
367,1946674495,River Clun,"(52.42877,-2.90658)"
368,1537062783,,"(53.90065,-2.3515200000000003)"
369,1946666766,,"(53.15448000000001,-2.1503349999999997)"
370,1561801173,,"(52.96448,-1.33148)"
371,1946661666,,"(53.770152,-1.4900280000000001)"
372,1561925422,,"(54.57111999999999,-3.3232699999999995)"
373,1518679878,"Menstrie Castle, environs of, NS8496","(56.15176999999999,-3.85281)"
374,2251842242,,"(51.08499000000001,0.097349)"
375,1515230098,VC93 North Aberdeenshire,"(57.31422,-2.58269)"
376,1537054137,,"(53.64173,-2.88633)"
377,1559546232,ERYHOLME,"(54.48025,-1.49607)"
378,1519052969,,"(51.719390000000004,-4.39006)"
379,1559637432,LAVERSTOCK (95**),"(51.07137,-1.7794400000000001)"
380,1561794464,,"(53.45176,-1.9864099999999998)"
381,1559536408,SALMONS BRIDGE,"(51.002759999999995,-0.66098)"
382,1559653506,EDENBRIDGE,"(51.194520000000004,0.06589)"
383,1559601540,RIB,"(51.82974,-0.059000000000000004)"
384,1561924520,,"(54.65599,-3.3694300000000004)"
385,2535607577,Priory Water,"(52.75985,-0.94414)"
386,1887251683,"Alyn Valley, Loggerheads","(53.16198000000001,-3.20914)"
387,1946667490,,"(53.797782999999995,-1.483079)"
388,2529602484,,"(51.39648,-2.49728)"
389,1537054385,,"(53.67108,-2.46313)"
390,1549820482,,"(51.63156,-2.99831)"
391,1513509966,"River Clyde, southwest Carmyle","(55.82728,-4.16066)"
392,1538478501,,"(53.75485,-2.7749599999999996)"
393,1561803389,,"(53.343,-1.53585)"
394,2534535632,MYDR,"(52.20319,-4.22935)"
395,1886540060,Shropshire,"(52.7996,-3.08418)"
396,1537053139,,"(53.79855,-2.38027)"
397,1559616312,POTMANS HEATH,"(51.02223,0.66856)"
398,1542993375,TILLMONTH PARK,"(55.687059999999995,-2.20276)"
399,1517478915,VC73 Kirkcudbrightshire,"(55.053709999999995,-3.95831)"
400,1946676091,,"(54.439829,-3.53206)"
401,1537229757,,"(53.84605,-2.53346)"
402,1554483349,NANT FELIN-FACH,"(51.519,-3.4087699999999996)"
403,1946663476,,"(51.471412,-2.0819650000000003)"
404,1517713069,Marnoch,"(57.53391,-2.66135)"
405,1516100313,Kelvinbridge (east),"(55.87053,-4.27895)"
406,2536453112,Boston Well,"(53.34863000000001,-4.279669999999999)"
407,1946664457,,"(54.70451,-2.6949669999999997)"
408,1946673115,,"(50.659553,-3.304532)"
409,1559522920,D/S SPEN BECK BY B6117,"(53.67906,-1.6358700000000002)"
410,1887261233,Worthenbury,"(53.0116,-2.86882)"
411,1537054428,,"(53.54275,-2.89935)"
412,1554482244,RHYMNEY,"(51.54818,-3.1212299999999997)"
413,1537060720,,"(53.78819,-2.38853)"
414,1549809268,,"(51.58429,-3.6107)"
415,1537059329,,"(53.75354,-2.95693)"
416,1550970504,,"(51.73384,-3.5218800000000003)"
417,1514417431,,"(52.22893,-2.25031)"
418,1559538271,SITE 7,"(50.9422,0.74512)"
419,1516593742,Shingle Islands SSSI d.Dowally Island,"(56.61978000000001,-3.6401800000000004)"
420,1946670882,,"(53.71001999999999,-1.22412)"
421,1946662329,,"(51.473425,-2.082418)"
422,1540682581,River Irfon,"(52.15101,-3.41695)"
423,1559549912,TRIB OF USK,"(51.73952,-2.93624)"
424,1561795059,River Derwent (DE007),"(52.91129,-1.4809999999999999)"
425,2529698669,,"(51.549609999999994,-2.4268400000000003)"
426,1537057816,,"(53.76043000000001,-2.6696400000000002)"
427,1516273302,Blount Island-New Ladykirk,"(55.69843,-2.08111)"
428,1561929625,,"(54.21111,-2.75665)"
429,1559513758,D/S BECCLES - DODDS DYKE MTR SITE,"(52.466,1.60471)"
430,1538091380,,"(53.592459999999996,-2.8626400000000003)"
431,1559546465,ROTHER,"(50.98316,-0.6772199999999999)"
432,1946671015,,"(53.61978000000001,-2.40334)"
433,1888347326,,"(52.080420000000004,-3.1257599999999996)"
434,1559577926,NIDD,"(54.02675,-1.5916299999999999)"
435,1559553149,WEST LEAKE,"(52.83213000000001,-1.2229299999999999)"
436,1885658553,,"(51.63987,-3.8077699999999997)"
437,1559542453,D/S WITTERSHAM STW,"(51.00207,0.6845100000000001)"
438,1946675253,,"(53.747104,-1.394728)"
439,1559547811,D/S HAYDEN STW,"(51.922979999999995,-2.14755)"
440,1888346708,,"(52.740219999999994,-3.09033)"
441,1543072249,3 STOUR (DORSET),"(50.7793,-1.9198099999999998)"
442,1559730705,SPONG BRIDGE MACROPHYTE SURVEY SITE,"(52.73363000000001,0.9348700000000001)"
443,1946678346,,"(52.94987,-4.09863)"
444,1559571240,WILLOW BROOK,"(52.5021,-0.62032)"
445,1888349450,,"(52.58144,-3.1923)"
446,1559708613,U/S NEEDHAM MARKET STW UWWTD AND WFD MACROPHYTE SURVEY SITE,"(52.15309,1.06027)"
447,1559648615,BOTTOM BOAT,"(53.71341999999999,-1.45224)"
448,1946668290,,"(53.405315,-2.0613189999999997)"
449,1531287146,,"(52.963159999999995,1.05093)"
450,1559659159,FROME,"(50.70975,-2.27966)"
451,1513999199,Auldhouse Park,"(55.81636999999999,-4.29175)"
452,1559658033,TRACK TO MANOR TOP FARM,"(53.52786999999999,-0.15573)"
453,1562575116,,"(50.77067,-2.66788)"
454,1537063724,,"(53.59327,-2.74179)"
455,1541113854,Bayfordbury area,"(51.78234000000001,-0.10236)"
456,1986597718,,"(54.05399499999999,-0.88405)"
457,1946007770,,"(52.57833,-3.18939)"
458,1545119040,,"(53.520109999999995,-2.9215)"
459,1559615979,A134 STOKE FERRY,"(52.56695,0.51936)"
460,1559555290,D/S PENKRIDGE STW,"(52.74474,-2.09402)"
461,2529620081,,"(51.43182,-2.6271299999999997)"
462,1559714726,D/S WIMBORNE MTR SITE,"(50.792809999999996,-1.9666099999999997)"
463,1515378732,"Connel (part monad, south of Loch Etive)","(56.45596,-5.40151)"
464,2534543201,COTHI,"(51.9756,-4.0869800000000005)"
465,1559682413,"croal-r. tonge- on tonge at confl u/s & d/s, on parkland nr","(53.573769999999996,-2.4039200000000003)"
466,1559535663,WASHINGBOROUGH,"(53.2259,-0.48031999999999997)"
467,1559713438,EDEN,"(54.764990000000004,-2.7110000000000003)"
468,1559699644,"PTC BURLAND STREAM, BARBRIDGE (XT 94)","(53.10743000000001,-2.57879)"
469,1516109236,River Devon,"(56.14139,-3.8563400000000003)"
470,1886432360,Clungunford,"(52.40115,-2.89065)"
471,1946672790,,"(53.60841,-2.36033)"
472,1946674210,,"(53.62816,-2.31933)"
473,1531877158,,"(52.95925,1.1995799999999999)"
474,2536011772,Brownsea Island: Middle Street,"(50.6921,-1.9723400000000002)"
475,1551835628,,"(53.44774,-2.9801599999999997)"
476,1514375978,,"(52.40898,-1.92792)"
477,1537061610,,"(53.65164,-2.75037)"
478,1559709495,WYE,"(51.96079,-2.6585)"
479,1559718398,BURE,"(52.83103000000001,1.16861)"
480,1531604355,,"(52.596180000000004,1.32073)"
481,1537901503,,"(53.64773,-2.65197)"
482,1515086455,"R Earn,.5km lengths above+below 27976173","(56.337413,-3.6571580000000004)"
483,1537056082,,"(53.82914,-2.1686099999999997)"
484,1887266623,,"(53.26244000000001,-4.320069999999999)"
485,1512823252,,"(53.35997,-1.3253)"
486,1088876770,"Little Bridge, Lissan Water","(54.646762,-6.658492)"
487,1562664326,,"(50.76936,-2.86639)"
488,1946666624,,"(53.185196,-2.917894)"
489,1514730176,SP18 tetrad J,"(52.49875,-1.8099299999999998)"
490,1537198783,,"(53.86428000000001,-2.47286)"
491,1559727376,BOVEY,"(50.60565,-3.7204900000000003)"
492,1559517639,60M U/S BR  COLYFORD,"(50.72865,-3.05904)"
493,1513652563,"Kingsburn Grove, wood and burn","(55.81783000000001,-4.21202)"
494,1515475770,VC103 Mid Ebudes,"(56.35371,-5.9673)"
495,1513933960,"Crookston Ho. site, Levern - Cart confluence","(55.837109999999996,-4.35925)"
496,1554482761,DYFI,"(52.60788,-3.8038199999999995)"
497,1516785726,"Underwood Lock, Forth+Clyde Canal E of","(55.99353000000001,-3.91739)"
498,1559524333,EAMONT,"(54.630469999999995,-2.80934)"
499,1559612432,HARDHAM PUMPING STATION,"(50.95171,-0.52863)"
500,1559683074,SITE 8 (CORRECT ONE) MTR SITE,"(50.944959999999995,-0.49325)"
501,1549814780,,"(51.65096,-3.8176099999999997)"
502,1946677644,,"(53.678592,-2.8185130000000003)"
503,1537053975,,"(53.75128,-2.6156599999999997)"
504,1545007092,,"(53.41179,-2.97933)"
505,1561798693,,"(53.12758,-1.62784)"
506,1927552998,,"(52.63754,-3.1097200000000003)"
507,1538152644,,"(53.79169,-2.62384)"
508,1537062179,,"(53.90224,-2.25489)"
509,1559551329,TEME,"(52.18696,-2.31956)"
510,1559535624,KINGSTHORPE,"(52.25878,-0.9091899999999999)"
511,1559543599,WHITEMILL BRIDGE,"(51.297090000000004,1.11917)"
512,1559683422,"ABOVE RAVENS AIT, SURBITON","(51.39754,-0.31311)"
513,1538311120,,"(53.828559999999996,-2.41169)"
514,1946662674,,"(50.729431,-2.760498)"
515,1562443266,Uddens Water,"(50.81974,-1.89135)"
516,1946674612,,"(53.34182,-1.5396299999999998)"
517,1559732869,SUNDERLAND BRIDGE (BROWNEY),"(54.735859999999995,-1.59695)"
518,1538117466,,"(53.62975,-2.6517)"
519,1514238255,,"(52.31908,-1.9280700000000002)"
520,1513280049,"Bridge of Earn, north - former tip & hospital grounds","(56.3553,-3.4095)"
521,2535125748,,"(51.48003,-3.319)"
522,1518943558,,"(52.26399,-4.12615)"
523,1561930259,,"(54.63253,-3.16337)"
524,1887253911,Llangefni Bryn Cefni,"(53.2539,-4.3087300000000015)"
525,1559699948,"NORTHBRIDGE, DONCASTER","(53.52825,-1.1453799999999998)"
526,1559542908,SEVERN,"(52.2474,-2.23211)"
527,1518855769,,"(51.79956,-4.82945)"
528,1559523345,WYRE,"(53.86278000000001,-2.8324599999999998)"
529,1946677194,,"(56.018719999999995,-4.36573)"
530,1559691469,WFD CENTRE,"(54.119859999999996,-1.8033700000000001)"
531,1561801205,,"(52.94725,-1.4805700000000002)"
532,1559608284,ROTHER,"(53.3551,-1.33815)"
533,1514908912,"Haddington, R.Tyne walkway","(55.95206999999999,-2.77825)"
534,1559603693,CRANFORD BRIDGE,"(51.97383,-0.50557)"
535,1550745614,,"(51.74189000000001,-2.65314)"
536,1559593964,THROSTON G,"(54.70176,-1.2341799999999998)"
537,1538058152,,"(53.66705,-2.3193)"
538,1559643713,ISFIELD BRIDGE,"(50.9437,0.06045)"
539,1537063852,,"(53.8088,-2.52311)"
540,1535600237,,"(52.03024,0.9578200000000001)"
541,1559715323,DOUGLAS,"(53.60984000000001,-2.5916900000000003)"
542,1549807985,,"(51.54746,-4.21516)"
543,1559716839,STITHIANS RESERVOIR CPET SITE,"(50.18205,-5.20411)"
544,1561927730,,"(54.51095,-2.57298)"
545,1514646720,SO83 tetrad P,"(52.04918,-2.2201400000000002)"
546,1946677733,River Clun,"(52.39223,-2.88761)"
547,1559637259,SHALMSFORD STREET,"(51.25541,0.99308)"
548,1885059267,NBGW RRP TN15538,"(51.84083,-4.14295)"
549,1559600005,HOLME BRIDGE (90**),"(50.6794,-2.15634)"
550,1561053195,,"(53.10941,-1.56825)"
551,1946007001,,"(52.637969999999996,-3.11195)"
552,1946674359,,"(53.45913,-2.6936709999999997)"
553,1515349707,Horsbrugh Community Wood,"(55.63966,-3.14458)"
554,1946665886,,"(53.554669999999994,-2.3668400000000003)"
555,1946662187,,"(53.92819,-2.01135)"
556,1518904879,,"(53.06969,-4.31491)"
557,1514217916,,"(52.24685,-2.2797099999999997)"
558,1537261820,,"(53.773019999999995,-2.74495)"
559,1518199129,VC75 Ayrshire,"(55.67038,-4.62513)"
560,1537056479,,"(53.57046,-2.7942400000000003)"
561,1557286170,Spey Bay,"(57.66593,-3.09186)"
562,1535243289,,"(52.09832,1.10835)"
563,1946669836,,"(53.71634,-1.77761)"
564,1542139875,Newport,"(50.696220000000004,-1.28706)"
565,1559728525,croal- river tonge-downstream of sample point bridge,"(53.58361,-2.4161)"
566,1559547554,D/S BEVERCOTES BECK MTR SITE,"(53.25066999999999,-0.9425899999999999)"
567,1544938346,,"(53.44774,-2.9801599999999997)"
568,1545155274,,"(53.46763000000001,-2.70946)"
569,1559738738,LOWER ROAD FORD,"(52.10733,0.80299)"
570,1559707881,COLD HATTON 3,"(52.78491999999999,-2.5344700000000002)"
571,1555502692,Burn o' Fochabers community woodland,"(57.611709999999995,-3.09793)"
572,1946660418,,"(53.741678,-1.414037)"
573,1946668091,,"(53.98874,-0.9232799999999999)"
574,1559648356,D/S MINEWATER,"(54.84003000000001,-1.57568)"
575,1946679481,,"(53.609559999999995,-2.40341)"
576,1946665966,,"(53.622080000000004,-2.40987)"
577,1559573312,CULM,"(50.90764,-3.3205400000000003)"
578,1946671207,,"(56.532109999999996,-3.2610099999999997)"
579,1554483191,D/S TREGURNOG FARM,"(51.49248,-3.2912800000000004)"
580,2528908274,,"(53.78844,-1.0523799999999999)"
581,1946662602,,"(53.845698,-1.493508)"
582,1531279478,,"(52.59196,1.4681)"
583,1517240482,VC81 Berwickshire,"(55.78807,-2.24076)"
584,1559682829,CHEDDAR RESERVOIR CENTER POINT,"(51.281040000000004,-2.80214)"
585,1561927207,,"(54.66715,-3.41477)"
586,1888347347,,"(52.61234,-3.16004)"
587,1562443397,Netherbury,"(50.7922,-2.7497599999999998)"
588,1946661361,,"(53.59905,-2.3940799999999998)"
589,1886122860,Shelton,"(52.71785,-2.79272)"
590,1559587325,WHITE BEECH BRIDGE,"(51.11261,-0.59638)"
591,1559537724,CLIFTON BECK,"(53.73783,-1.77787)"
592,1885058106,Felin-y-Coed Farm  TN28,"(51.921279999999996,-3.9756099999999996)"
593,1559714362,MEASE,"(52.69647,-1.60414)"
594,1542978267,3 CYCH [Abercych],"(52.04023,-4.54933)"
595,1887258496,0701 - Gell Farm,"(52.933659999999996,-4.2462599999999995)"
596,1559669496,U/S TAME CONFLUENCE MTR SITE,"(52.73275,-1.7178400000000005)"
597,1537808208,,"(53.773709999999994,-2.62358)"
598,1946668825,,"(53.60821,-2.41621)"
599,1551464245,,"(53.17924,-2.8244)"
600,1946662423,,"(51.4851,-3.6094)"
601,1559524670,D/S ROSEHILL,"(51.995020000000004,-2.45364)"
602,1559521491,WESTON LANE D/S WELHAM STW,"(52.523469999999996,-0.85401)"
603,1559683734,COLNE WATER - D/S COLNE STW (UWWTD SITE),"(53.85021,-2.20593)"
604,2537620635,"Helensburgh, East","(55.99641,-4.71938)"
605,1559635534,U/S WYMONDHAM STW MACROPHYTE SURVEY SITE,"(52.583130000000004,1.0886799999999999)"
606,1538236741,,"(53.61224,-2.56073)"
607,1559541682,GELDESTON LOCK,"(52.46323,1.5176)"
608,1537059849,,"(53.81513,-2.51408)"
609,1946677637,,"(53.510839000000004,-1.2718120000000002)"
610,1559729563,LOFTSOME BRIDGE,"(53.76204,-0.9313)"
611,1946678902,,"(56.5968,-3.19875)"
612,1554482102,GWENDRAETH FACH,"(51.80877,-4.21127)"
613,1538481290,,"(53.86359,-2.62491)"
614,1886467291,"The Walls, Chesterton","(52.5659,-2.31862)"
615,1946669887,,"(53.97756,-2.0823099999999997)"
616,1946672905,,"(53.64479,-2.3117)"
617,1559655003,QUORN,"(52.74275,-1.16675)"
618,1561798439,,"(53.3079,-1.89641)"
619,2529479437,,"(51.45023,-2.54104)"
620,1088876597,Findermore. Tyrone.,"(54.400513000000004,-7.2077839999999975)"
621,1537060265,,"(53.67184,-2.1755400000000003)"
622,1549810158,,"(51.510690000000004,-3.2826400000000002)"
623,1537059871,,"(53.758419999999994,-2.5331)"
624,1888352798,,"(52.745819999999995,-3.09158)"
625,2397540500,,"(53.422078000000006,-2.814038)"
626,1518958537,,"(53.33289,-4.62955)"
627,1559701175,COLE CONFLUENCE,"(52.484680000000004,-1.73858)"
628,1559717259,"CASTLE FARM - PLANT SITE 1, FENCED SECTION","(51.34966,0.18919)"
629,2534146099,SU2533398819,"(51.68752,-1.63491)"
630,1561801778,,"(52.8576,-1.54104)"
631,1551389016,,"(53.35995,-2.67762)"
632,1515895994,Marnoch,"(57.533669999999994,-2.66276)"
633,1558210546,,"(52.912209999999995,-2.2245)"
634,1700795039,,"(53.631609999999995,-2.97308)"
635,1559535883,AT RICHMOND PARK,"(51.44253,-0.2539)"
636,1538416623,,"(53.71946,-2.68339)"
637,1946679397,River Redlake,"(52.36526,-2.9110099999999997)"
638,2540317170,"Sodbury, Portway Lane East","(51.540859999999995,-2.35466)"
639,1551765683,,"(53.09105,-2.52407)"
640,1559592787,GRINDLEFORD,"(53.29705,-1.63462)"
641,1885183306,,"(51.63535,-3.07786)"
642,1559654129,MOOR FARM,"(50.9799,-0.70723)"
643,1559548403,PTC RIVER ALT,"(53.54382,-3.04501)"
644,1888347713,,"(52.05701,-3.1755)"
645,1885062112,Afon Teifi; Gelligatti,"(52.04468,-4.49905)"
646,1946659523,,"(51.681863,-1.6714419999999999)"
647,1531215891,,"(52.68169,1.4752100000000001)"
648,1555503032,,"(57.32903,-2.04316)"
649,1561929010,,"(54.23549000000001,-2.73868)"
650,1537121505,,"(53.574909999999996,-2.80187)"
651,1537054645,,"(53.76694000000001,-2.7820099999999996)"
652,1559737941,SITE 7,"(50.9422,0.74512)"
653,1946551001,,"(55.761919999999996,-3.9707800000000004)"
654,1946663012,,"(51.47899,-0.41605)"
655,1559549149,TETNEY,"(53.49489000000001,-0.00489)"
656,1558974122,,"(52.35904,0.09114)"
657,1542909485,9 TYWI [Cilsan Bridge],"(51.87376,-4.04885)"
658,1927641794,,"(52.0069,-3.2397400000000003)"
659,1559675311,DIDDINGTON BROOK DIKEROGAMMARUS SITE 16,"(52.28909,-0.22227)"
660,1559508839,ADUR,"(50.953109999999995,-0.18118)"
661,1946677360,,"(51.3641,-0.4921100000000001)"
662,1531662456,,"(52.4282,0.8667100000000001)"
663,1946668473,,"(53.59529000000001,-2.57511)"
664,1561039842,,"(52.87569000000001,-1.57057)"
665,1559584459,"MOREDON BRIDGE, SWINDON","(51.58398,-1.8245900000000002)"
666,1946664812,,"(53.42012,-2.1444799999999997)"
667,1554482424,UPSTREAM OF USK SHOWGROUND,"(51.72489,-2.85051)"
668,1559639453,D/S DORCHESTER STW MTR SITE,"(50.71206,-2.4113900000000004)"
669,1538250452,,"(53.90088000000001,-2.26021)"
670,1513115529,Loch Flemington,"(57.54704,-3.98159)"
671,1559652140,LAKE CENTRE POINT,"(52.34942,-0.99211)"
672,1559531165,EYE,"(52.76105,-0.8789)"
673,1887262788,"Alyn Valley, Loggerheads","(53.16189,-3.20913)"
674,1559669438,WOOD WALTON FEN SLUICE,"(52.44857,-0.18495)"
675,1513041376,Port Edgar,"(55.99126999999999,-3.42027)"
676,1559530334,RINGSTEAD ROAD BRIDGE,"(52.36665,-0.5702)"
677,1887264035,Worthenbury,"(53.00266,-2.85226)"
678,1541085143,Totteridge,"(51.62195,-0.19574)"
679,1515059513,VC98 Argyllshire,"(55.932359999999996,-4.9630800000000015)"
680,1513906957,"North side of Clyde, Cambuslang to Carmyle","(55.82728,-4.16066)"
681,1558975062,,"(52.17189000000001,-0.00539)"
682,1559687129,OTTER,"(50.80277,-3.20547)"
683,1559536150,"""HOLFORD HALL, D/S PLUMLEY""","(53.27612,-2.4401)"
684,1559715265,U/S WROXALL STW,"(50.6239,-1.22878)"
685,1512843038,,"(53.44985,-1.32388)"
686,2528908135,,"(53.968469999999996,-0.9338799999999999)"
687,1946673579,,"(53.456552,-2.570394)"
688,1946673381,,"(53.74081700000001,-1.41435)"
689,1946007802,,"(51.87057,-3.16264)"
690,1559546376,BONEMILL BRIDGE,"(53.01068000000001,-0.38504)"
691,1559534799,MIMRAM,"(51.80317,-0.13992000000000002)"
692,1559513308,WHITE BEECH BRIDGE,"(51.11261,-0.59638)"
693,1517077152,"Craighouse, Jura","(55.83705,-5.9544)"
694,1559598394,KIRDFORD BRIDGE,"(51.02754,-0.55189)"
695,1559708980,CENTRE OF LAKE,"(53.486909999999995,-2.54778)"
696,1559584210,"AT PITTS BRIDGE, BINFIELD","(51.43473,-0.77356)"
697,1551712937,,"(53.44641,-3.1307)"
698,1559535729,MARHOLM LEVEL CROSSING,"(52.61833000000001,-0.29464)"
699,1885062044,Penycoed tetrad TN1604,"(51.83633,-4.51129)"
700,2537787350,Forres,"(57.60314,-3.6055699999999997)"
701,1946668821,,"(51.532004,-0.327227)"
702,1559510200,MININSHALL BROOK,"(51.70636,-0.21771)"
703,1554483768,USK,"(51.886520000000004,-3.27203)"
704,1559652025,TRENT,"(53.047169999999994,-0.9043100000000001)"
705,1946668367,,"(53.60188,-2.42065)"
706,1885654749,,"(51.64877,-3.08541)"
707,2537208388,Wilton Lodge Park,"(55.41952,-2.80328)"
708,1554482059,USK,"(51.77464000000001,-2.92972)"
709,1559585782,WEAVER,"(52.99626,-2.51472)"
710,1946677322,,"(53.753013,-1.430869)"
711,1887251369,Corwen,"(52.99286,-3.21521)"
712,1542891045,NORHAM,"(55.72667,-2.1488400000000003)"
713,1514845584,"Orton, R Spey","(57.58035,-3.0886299999999998)"
714,2429297251,,"(55.79999399999999,-4.401829)"
715,2422967781,,"(50.94304,0.27856)"
716,1946674036,,"(52.371179,-2.251464)"
717,1537057620,,"(53.76089,-2.47929)"
718,1542823879,,"(52.532669999999996,-1.27908)"
719,1946661663,,"(53.62226999999999,-2.40974)"
720,1946667298,,"(53.15799000000001,-2.14655)"
721,1537446383,,"(53.647009999999995,-2.77298)"
722,1946661150,,"(51.89956,-3.94867)"
723,1927610404,,"(52.54619,-3.25489)"
724,1559702901,LUMLEY,"(50.85268,-0.93237)"
725,1559509453,TRIB OF WITHAM,"(53.03654,-0.7390399999999999)"
726,1554483758,UPSTREAM OF TOWN BRIDGE,"(51.70199,-2.90652)"
727,1927627241,,"(52.727419999999995,-3.112)"
728,1559688917,BRADSHAW BK BRADSHAW BRIDGE,"(53.60523000000001,-2.40422)"
729,1538122911,,"(53.773709999999994,-2.62358)"
730,1559705481,TAMAR,"(50.71215,-4.36606)"
731,1559590468,SURFLEET SEAS END,"(52.84556,-0.10162)"
732,1537126144,,"(53.61125,-2.7421)"
733,1946672801,,"(53.9812,-1.5146899999999999)"
734,1537826830,,"(53.574909999999996,-2.80187)"
735,1946679423,,"(53.586619999999996,-2.4182799999999998)"
736,1551357049,,"(53.36128000000001,-2.37712)"
737,1559540547,U/S BLACK BROOK,"(53.6903,-1.84929)"
738,1549819179,,"(51.62768,-3.86869)"
739,1542883322,3 BLYTHE,"(52.40193,-1.72143)"
740,1550990187,,"(51.63987,-3.8077699999999997)"
741,1559724853,A149 ROAD BRIDGE SNETTISHAM,"(52.87215,0.50136)"
742,2537396841,Lunan Bay northwards NO6951 NO6952,"(56.68541999999999,-2.57294)"
743,1513612773,Wilderness Tip,"(55.91106,-4.25013)"
744,1559735005,CRIMPLE BECK,"(53.97115,-1.40618)"
745,1518234331,Innes House,"(57.6735,-3.21717)"
746,1551140218,,"(51.72974,-3.81135)"
747,1559595700,TWYFORD,"(52.855259999999994,-1.5165600000000001)"
748,1536747768,,"(52.47623000000001,1.72413)"
749,1515227552,VC73 Kirkcudbrightshire,"(54.78428,-3.9452599999999998)"
750,1559670414,TOPCLIFFE,"(54.1786,-1.37257)"
751,1519148500,,"(52.35383,-4.13046)"
752,1559557185,UPSTREAM CROCKFORD BRIDGE,"(51.36577,-0.48954)"
753,1885059796,,"(52.4076,-4.0744)"
754,1542948699,1/1 Above Balmerlawn STW,"(50.82437,-1.56338)"
755,2538752232,Cam Brook  Combe Hay,"(51.33802,-2.37965)"
756,1558974931,,"(52.31662,-0.057579999999999985)"
757,2535387861,"Benscliffe Road, Newtown Linford","(52.71176,-1.2383899999999999)"
758,1551262539,,"(51.555859999999996,-3.3716800000000005)"
759,1885182069,,"(51.53225,-3.46469)"
760,1515788119,VC81 Berwickshire,"(55.69821999999999,-2.24021)"
761,1549822847,,"(51.71184,-3.48496)"
762,1537054346,,"(53.662859999999995,-2.17551)"
763,1559624497,HILGAY BRIDGE A10,"(52.56245,0.38926)"
764,1518360289,VC85 Fifeshire,"(56.32143000000001,-3.21422)"
765,1542139230,"Newchurch, Lynch Copse","(50.668659999999996,-1.19833)"
766,1537505782,,"(53.68453,-2.47085)"
767,1559605337,OWSTON FERRY (SK7990098900),"(53.48121,-0.79672)"
768,1559545079,PIDDLE,"(50.71443,-2.18762)"
769,2536205088,Great Chalfield,"(51.36544,-2.2017599999999997)"
770,1559580854,TRIB OF HARBOURNE,"(50.40211,-3.67792)"
771,1559538800,CHAR,"(50.76635,-2.84861)"
772,1946667720,,"(53.59514,-2.57536)"
773,1559512251,U/S BILLING STW MTR SITE (COGENHOE),"(52.245909999999995,-0.78794)"
774,1542139367,Newchurch,"(50.67054,-1.2096200000000001)"
775,1946660391,,"(53.5761,-2.41142)"
776,1559526840,RIB,"(51.894909999999996,0.02229)"
777,1551036166,,"(51.555859999999996,-3.3716800000000005)"
778,1537468111,,"(53.810359999999996,-2.47226)"
779,1559649573,BARDNEY,"(53.2087,-0.33718000000000004)"
780,2236919650,,"(52.022653999999996,-2.632373)"
781,1946670480,,"(53.331607,-2.239789)"
782,1559592890,CROWLAND BRIDGE,"(52.68051,-0.18275)"
783,1537052949,,"(53.59656,-2.91561)"
784,1555503967,,"(57.21103000000001,-2.55623)"
785,1549818739,,"(51.4904,-3.18967)"
786,1513546960,Kelvin Island,"(55.87079,-4.28936)"
787,1537054643,,"(53.79181,-2.68381)"
788,1537062043,,"(53.732730000000004,-2.4403099999999998)"
789,1885062191,Ffos Las TNDev1407,"(51.73198,-4.22251)"
790,1559553799,"""AT WATER BRIDGE, CRANLEIGH""","(51.12298,-0.49032)"
791,1555503318,,"(57.24621,-2.7059)"
792,1946667920,,"(52.617112,-1.692757)"
793,1515298028,W of Carlowrie Farm,"(55.955709999999996,-3.38694)"
794,1559535504,SITE 8 (CORRECT ONE) MTR SITE,"(50.944959999999995,-0.49325)"
795,1531828987,,"(52.59196,1.4681)"
796,1559556280,BROXHOLME,"(53.280919999999995,-0.64486)"
797,1550956306,,"(51.64201,-3.66333)"
798,1899801329,,"(54.603118,-3.127465)"
799,1946677762,,"(53.6043,-2.3807)"
800,1559602920,ETHEROW,"(53.441419999999994,-2.0082400000000002)"
801,1946007758,,"(51.87016,-3.2033)"
802,1559614215,6 100M D/S CONFLUENCE WITH GROM,"(51.12,0.15830999999999998)"
803,1559716754,D/S EAST DEREHAM STW MACROPHYTE SURVEY SITE,"(52.6863,0.92133)"
804,1545002511,,"(53.50376,-2.67991)"
805,1887258564,Llandderfel,"(52.92179,-3.49453)"
806,1549819653,,"(51.55285,-3.28)"
807,1946679081,,"(57.4575,-4.253019999999999)"
808,1544925003,,"(53.60899000000001,-3.04435)"
809,1537502879,,"(53.78898,-3.0184599999999997)"
810,1561924272,Tarpot,"(54.48698,-3.5227800000000005)"
811,1537064656,,"(53.862069999999996,-2.8681799999999997)"
812,1559661917,SIX SCORE FARM,"(52.708059999999996,-0.28226)"
813,1545014614,,"(53.663669999999996,-2.9549)"
814,1559711363,WEST TANFIELD,"(54.20379000000001,-1.5868200000000001)"
815,1946550578,,"(55.87968000000001,-4.2946800000000005)"
816,1885062958,NBGW BSBI 2008 TN03,"(51.8411,-4.14325)"
817,1559556142,NANT FELIN-FACH,"(51.519,-3.4087699999999996)"
818,1946669739,,"(53.63986,-2.3092)"
819,1559711270,EAST NESS,"(54.1944,-0.9355100000000001)"
820,1946006959,,"(52.72427,-3.4080699999999995)"
821,1055981902,,"(54.366593,-1.9253509999999998)"
822,1554483264,WYE,"(52.053670000000004,-3.1951)"
823,1559549046,SPENCER BRIDGE ROAD BRIDGE,"(52.24261,-0.91105)"
824,1559631711,SALMONS BRIDGE,"(51.002759999999995,-0.66098)"
825,1558975091,,"(52.19059,-0.04845)"
826,1559533746,BLACK BROOK,"(53.66731,-2.6030900000000003)"
827,1559528612,D/S CARLISLE MTR SITE,"(54.89892,-2.96753)"
828,1537055943,,"(53.551230000000004,-2.78105)"
829,1555503516,,"(57.22934,-2.47369)"
830,1549815221,,"(51.73693,-3.2613)"
831,1559641494,TRIB OF DERWENT,"(53.08725,-1.53338)"
832,1946666754,,"(53.74994,-1.7933299999999999)"
833,1549814344,,"(51.66223,-3.81589)"
834,1537956119,,"(53.55713000000001,-2.7713400000000004)"
835,1561794782,,"(53.306509999999996,-1.41619)"
836,1559661689,WEAVER,"(53.135619999999996,-2.5089200000000003)"
837,1559534461,CAMEL,"(50.59995,-4.68688)"
838,1537325171,,"(53.75505,-2.74463)"
839,1561930105,,"(54.285740000000004,-2.58905)"
840,1536688253,,"(52.09042,0.6990000000000001)"
841,2536453817,Afon Ogwen,"(53.20816,-4.09549)"
842,1559544856,GT.STAUGHTON,"(52.26852,-0.35353)"
843,1558973896,,"(52.35904,0.09114)"
844,1946679071,,"(53.723517,-1.165216)"
845,2539061181,"Yatton Horsecastle km227, 230-1, 233-5","(51.39461,-2.82784)"
846,1545038545,,"(53.48542,-2.7399)"
847,1559684315,BOURN BRIDGE,"(52.12066,0.21946999999999997)"
848,1561922381,,"(54.85119,-2.79584)"
849,2539204754,"River Avon, between Saltford and Brassmill Lane , Bath","(51.39535,-2.4433700000000003)"
850,1946672082,,"(53.64151,-1.79015)"
851,1946669055,,"(53.59595,-2.57628)"
852,1537051764,,"(53.79598000000001,-2.66186)"
853,1946668299,,"(54.487164,-1.5583360000000002)"
854,1946666992,,"(53.56595,-2.4043400000000004)"
855,1885061542,Gellywen TN17,"(51.88241,-4.513719999999998)"
856,1558180865,,"(52.462740000000004,-2.2222)"
857,1559534630,DARENT CATCHMENT,"(51.27495,0.14406)"
858,1946669686,,"(51.440752,-2.527493)"
859,1519155112,,"(52.16545,-4.5601400000000005)"
860,1543060276,8 WENSUM (NORFOLK),"(52.70744000000001,1.1492799999999999)"
861,1886674422,Prescott Mill,"(52.43045,-2.4941299999999997)"
862,1518603293,"Inveresk, SE of","(55.932219999999994,-3.03395)"
863,1555504072,,"(57.21762,-2.9537299999999997)"
864,1531797650,,"(52.95925,1.1995799999999999)"
865,1515966768,VC80 Roxburghshire,"(55.51749,-2.5558400000000003)"
866,2529599720,,"(51.51336,-2.49855)"
867,1537081947,,"(53.82845,-2.44207)"
868,2429287589,,"(54.203163,-0.28656)"
869,1946670829,,"(53.59895,-2.5794200000000003)"
870,1946670436,,"(51.44279,-0.37754)"
871,1558197542,,"(52.9124,-2.0758)"
872,1927533256,,"(52.727419999999995,-3.112)"
873,1558052495,,"(52.642540000000004,-1.7797599999999998)"
874,1946678259,,"(52.375795000000004,-2.311811)"
875,1559549750,"""AT HAW BRIDGE, CUCKOO'S CORNER""","(51.16476,-0.9366200000000001)"
876,1555502479,,"(57.488769999999995,-3.6614400000000002)"
877,2529616812,,"(51.495259999999995,-2.52716)"
878,1537894733,,"(53.82833,-2.47246)"
879,1537064114,,"(53.88208,-2.39929)"
880,1541224053,,"(51.935990000000004,0.11506)"
881,1946662034,,"(50.875507,-1.2158309999999999)"
882,1088880929,Mullaghbane Burn at B4 road bridge,"(54.54389499999999,-7.413247)"
883,1885183193,,"(51.53225,-3.46469)"
884,1559520638,TORRIDGE,"(50.929320000000004,-4.10952)"
885,1888345760,,"(52.07863,-3.1257200000000003)"
886,1549820445,,"(51.59939,-3.07701)"
887,1946665745,,"(53.428909999999995,-1.5275)"
888,1538039176,,"(53.88156,-2.62518)"
889,2535474154,Bradgate Park,"(52.682930000000006,-1.22854)"
890,1558968262,St Clears/Red Roses; Carmarthenshire,"(51.80373,-4.53311)"
891,1514536467,,"(52.28307,-2.13335)"
892,1559646852,U/S OF GEORGIA PACIFIC,"(53.44866,-1.5490000000000002)"
893,1887266902,Public footpath near Rhes Groes,"(53.182430000000004,-4.09416)"
894,1537865950,,"(54.07858,-2.75041)"
895,1885057468,St Clears/Red Roses; Carmarthenshire,"(51.80935,-4.5217800000000015)"
896,1887251692,General Monad,"(53.28161,-4.35111)"
897,1543033931,8 ESK (SW SCOTLAND),"(55.01121,-2.97336)"
898,1700797119,,"(53.505069999999996,-2.94907)"
899,1946006929,,"(52.173429999999996,-3.42205)"
900,1559694963,UDFORD (D/S PENRITH STW) MTR SITE,"(54.66825,-2.65504)"
901,1554483546,AT HADNOCK COURTS,"(51.83025,-2.6870700000000003)"
902,1559550430,OLD HALL FARM,"(52.851330000000004,-1.44087)"
903,1537063369,,"(53.761419999999994,-2.6529700000000003)"
904,1700795718,,"(53.45423,-2.61361)"
905,1513966511,"Disused railway, Ibrox","(55.84975,-4.30889)"
906,1558973220,Afon Anghof; Pembrokeshire,"(51.9348,-4.88828)"
907,1946676120,,"(51.655404,-1.8805610000000001)"
908,1559583306,U/S VALLEY BURN,"(54.7153,-1.6344100000000001)"
909,1561924785,,"(54.64858,-3.46527)"
910,1559509656,MERSEY,"(53.43298000000001,-2.29121)"
911,1559646088,D/S WHITLEY BRIDGE,"(52.39127,-1.48932)"
912,1549815532,,"(51.680859999999996,-3.77324)"
913,1559591257,LAKE CENTRE POINT,"(52.66856,-1.23027)"
914,1559665768,Lee,"(51.87082,-0.3986)"
915,1946006675,,"(52.61428000000001,-3.19037)"
916,1887254117,,"(52.968619999999994,-2.97383)"
917,1537051435,,"(53.62752,-2.45282)"
918,1885058525,Pontamman Shared Path TN337,"(51.79989000000001,-3.96464)"
919,1531325309,,"(52.95925,1.1995799999999999)"
920,1887266267,,"(52.93696,-3.1137200000000003)"
