<?xml version="1.0" encoding="utf-8"?>
<eml:eml xmlns:eml="eml://ecoinformatics.org/eml-2.1.1" xmlns:xsi="http://www.w3.org/2001/XMLSchema-instance"
         xsi:schemaLocation="eml://ecoinformatics.org/eml-2.1.1 http://rs.gbif.org/schema/eml-gbif-profile/1.1/eml.xsd"
        packageId="07609307-26f9-490f-89ea-4e74497e3c0d"  system="http://gbif.org" scope="system"
  xml:lang="en">

<dataset>
      <alternateIdentifier>10.15468/hd7pvq</alternateIdentifier>
        <alternateIdentifier>07609307-26f9-490f-89ea-4e74497e3c0d</alternateIdentifier>
        <alternateIdentifier>https://registry.nbnatlas.org/public/show/dr1785</alternateIdentifier>
        <alternateIdentifier>3ee68b08-efb8-311b-bb1e-1b61dc698f37</alternateIdentifier>
    <title>Brecknock Wildlife Trust (Now WTSWW Brecknockhire) records held by BIS</title>
    <creator>
<organizationName>BIS for Powys &amp; Brecon Beacons National Park</organizationName>    <address>
<deliveryPoint>Unit 4</deliveryPoint><city>Brecon</city><administrativeArea>Powys</administrativeArea><postalCode>LD3 7LB</postalCode>    </address>
<phone>01874 610881</phone><electronicMailAddress>info@bis.org.uk</electronicMailAddress><onlineUrl>http://www.bis.org.uk/</onlineUrl>    </creator>
    <metadataProvider>
<organizationName>BIS for Powys &amp; Brecon Beacons National Park</organizationName>    <address>
<deliveryPoint>Unit 4</deliveryPoint><city>Brecon</city><administrativeArea>Powys</administrativeArea><postalCode>LD3 7LB</postalCode>    </address>
<phone>01874 610881</phone><electronicMailAddress>info@bis.org.uk</electronicMailAddress><onlineUrl>http://www.bis.org.uk/</onlineUrl>    </metadataProvider>
    <associatedParty>
<organizationName>NBN Atlas</organizationName>    <address>
<deliveryPoint>Unit F, 14 - 18 St Mary&apos;s Gate, Lace Market</deliveryPoint><city>Nottingham</city><administrativeArea>Nottinghamshire</administrativeArea><postalCode>NG1 1PF</postalCode><country>UNITED_KINGDOM</country>    </address>
<electronicMailAddress>admin@nbnatlas.org</electronicMailAddress>    <role>DISTRIBUTOR</role>
    </associatedParty>
      <pubDate>
      2019-07-17
      </pubDate>
    <language>ENGLISH</language>
    <abstract>
        <para>Brecknock Wildlife Trust (now WTSWW Brecknockshire) species records collated and digitised by BIS. Many are on WTSWW BWT reserves or Wildlife Sites and include general surveys.
Contact BIS for further information or go to website www.bis.org.uk for County recorder contacts.</para>
    </abstract>
      <intellectualRights>
        <para>This work is licensed under a <ulink url="http://creativecommons.org/licenses/by-nc/4.0/legalcode"><citetitle>Creative Commons Attribution Non Commercial (CC-BY-NC) 4.0 License</citetitle></ulink>.</para>
      </intellectualRights>
      <distribution scope="document">
          <online>
              <url function="information">https://registry.nbnatlas.org/public/show/dr1785</url>
          </online>
      </distribution>
      <purpose>
          <para>Collated for nature conservation and management</para>
      </purpose>
      <contact>
    <individualName>
<givenName>Jo</givenName>          <surName>Milborrow</surName>
    </individualName>
<positionName>editor</positionName><electronicMailAddress>info@bis.org.uk</electronicMailAddress>      </contact>
      <methods>
            <methodStep>
                <description>
                    <para>Mainly from field observation but may include mammal and moth trapping and surveys.</para>
                </description>
            </methodStep>
            <qualityControl>
                <description>
                    <para>Records are validated for geographical area on import to BIS database. BIS makes every effort to exchange with county recorders for verification but due to the historical nature of this dataset some records remain unverified. Data will have been collected by local experts, ecological consultants, ecologists and members of the public.</para>
                </description>
            </qualityControl>
      </methods>

</dataset>

<additionalMetadata>
    <metadata>
      <gbif>
        <dateStamp>2020-01-30T16:07:01Z</dateStamp>
      <citation>BIS for Powys &amp; Brecon Beacons National Park (2019). Brecknock Wildlife Trust (Now WTSWW Brecknockhire) records held by BIS. Occurrence dataset https://doi.org/10.15468/hd7pvq accessed via GBIF.org on 2020-01-30.</citation>
              <resourceLogoUrl>https://registry.nbnatlas.org/data/dataProvider/BISLogo.jpg</resourceLogoUrl>
        </gbif>
    </metadata>
</additionalMetadata>

</eml:eml>
