<?xml version="1.0" encoding="utf-8"?>
<eml:eml xmlns:eml="eml://ecoinformatics.org/eml-2.1.1" xmlns:xsi="http://www.w3.org/2001/XMLSchema-instance"
         xsi:schemaLocation="eml://ecoinformatics.org/eml-2.1.1 http://rs.gbif.org/schema/eml-gbif-profile/1.1/eml.xsd"
        packageId="8ef95309-811f-4c3b-a329-a85368e774c9"  system="http://gbif.org" scope="system"
  xml:lang="en">

<dataset>
      <alternateIdentifier>10.15468/llasrt</alternateIdentifier>
        <alternateIdentifier>8ef95309-811f-4c3b-a329-a85368e774c9</alternateIdentifier>
        <alternateIdentifier>https://registry.nbnatlas.org/public/show/dr654</alternateIdentifier>
        <alternateIdentifier>fb648f73-6038-30f7-8016-21c720b5e11e</alternateIdentifier>
    <title>Scottish SNH-funded BSBI records</title>
    <creator>
<organizationName>Botanical Society of Britain &amp; Ireland</organizationName>    <address>
<deliveryPoint>57 Walton Road,</deliveryPoint><city>Shirehampton</city><administrativeArea>Bristol,</administrativeArea><postalCode>BS11 9TA.</postalCode>    </address>
<electronicMailAddress>enquiries@bsbi.org</electronicMailAddress><onlineUrl>http://bsbi.org/</onlineUrl>    </creator>
    <metadataProvider>
<organizationName>Botanical Society of Britain &amp; Ireland</organizationName>    <address>
<deliveryPoint>57 Walton Road,</deliveryPoint><city>Shirehampton</city><administrativeArea>Bristol,</administrativeArea><postalCode>BS11 9TA.</postalCode>    </address>
<electronicMailAddress>enquiries@bsbi.org</electronicMailAddress><onlineUrl>http://bsbi.org/</onlineUrl>    </metadataProvider>
    <associatedParty>
<organizationName>NBN Atlas</organizationName>    <address>
<deliveryPoint>Unit F, 14 - 18 St Mary&apos;s Gate, Lace Market</deliveryPoint><city>Nottingham</city><administrativeArea>Nottinghamshire</administrativeArea><postalCode>NG1 1PF</postalCode><country>UNITED_KINGDOM</country>    </address>
<electronicMailAddress>admin@nbnatlas.org</electronicMailAddress>    <role>DISTRIBUTOR</role>
    </associatedParty>
      <pubDate>
      2019-05-03
      </pubDate>
    <language>ENGLISH</language>
    <abstract>
        <para></para>
    </abstract>
      <intellectualRights>
        <para>This work is licensed under a <ulink url="http://creativecommons.org/licenses/by-nc/4.0/legalcode"><citetitle>Creative Commons Attribution Non Commercial (CC-BY-NC) 4.0 License</citetitle></ulink>.</para>
      </intellectualRights>
      <distribution scope="document">
          <online>
              <url function="information">https://registry.nbnatlas.org/public/show/dr654</url>
          </online>
      </distribution>
      <contact>
    <individualName>
<givenName>Tom</givenName>          <surName>Humphrey</surName>
    </individualName>
<positionName>editor</positionName><electronicMailAddress>tom.humphrey@bsbi.org</electronicMailAddress>      </contact>
      <methods>
      </methods>

</dataset>

<additionalMetadata>
    <metadata>
      <gbif>
        <dateStamp>2020-01-30T16:07:04Z</dateStamp>
      <citation>Botanical Society of Britain &amp; Ireland (2019). Scottish SNH-funded BSBI records. Occurrence dataset https://doi.org/10.15468/llasrt accessed via GBIF.org on 2020-01-30.</citation>
              <resourceLogoUrl>https://registry.nbnatlas.org/data/dataProvider/BSBIstackedcolour.png</resourceLogoUrl>
        </gbif>
    </metadata>
</additionalMetadata>

</eml:eml>
