<?xml version="1.0" encoding="utf-8"?>
<eml:eml xmlns:eml="eml://ecoinformatics.org/eml-2.1.1" xmlns:xsi="http://www.w3.org/2001/XMLSchema-instance"
         xsi:schemaLocation="eml://ecoinformatics.org/eml-2.1.1 http://rs.gbif.org/schema/eml-gbif-profile/1.1/eml.xsd"
        packageId="d75b0b4c-8f43-4bc2-8bcd-65f9e5419cd1"  system="http://gbif.org" scope="system"
  xml:lang="en">

<dataset>
      <alternateIdentifier>10.15468/8y4bie</alternateIdentifier>
        <alternateIdentifier>d75b0b4c-8f43-4bc2-8bcd-65f9e5419cd1</alternateIdentifier>
        <alternateIdentifier>https://registry.nbnatlas.org/public/show/dr1187</alternateIdentifier>
        <alternateIdentifier>36f6de9b-624f-382c-ab4f-9c914ad1c61b</alternateIdentifier>
        <alternateIdentifier>14596</alternateIdentifier>
    <title>PlantTracker data from 2012 onwards</title>
    <creator>
<organizationName>Natural Apptitude</organizationName>    <address>
<deliveryPoint>12 St Thomas St</deliveryPoint><city>Bristol</city><postalCode>BS1 6JJ</postalCode>    </address>
<electronicMailAddress>info@natural-apptitude.co.uk</electronicMailAddress><onlineUrl>https://www.natural-apptitude.co.uk/</onlineUrl>    </creator>
    <metadataProvider>
<organizationName>Natural Apptitude</organizationName>    <address>
<deliveryPoint>12 St Thomas St</deliveryPoint><city>Bristol</city><postalCode>BS1 6JJ</postalCode>    </address>
<electronicMailAddress>info@natural-apptitude.co.uk</electronicMailAddress><onlineUrl>https://www.natural-apptitude.co.uk/</onlineUrl>    </metadataProvider>
    <associatedParty>
<organizationName>NBN Atlas</organizationName>    <address>
<deliveryPoint>Unit F, 14 - 18 St Mary&apos;s Gate, Lace Market</deliveryPoint><city>Nottingham</city><administrativeArea>Nottinghamshire</administrativeArea><postalCode>NG1 1PF</postalCode><country>UNITED_KINGDOM</country>    </address>
<electronicMailAddress>admin@nbnatlas.org</electronicMailAddress>    <role>DISTRIBUTOR</role>
    </associatedParty>
      <pubDate>
      2019-07-05
      </pubDate>
    <language>ENGLISH</language>
    <abstract>
        <para>Distribution and abundance data on 16 high priority non-native, invasive plant species primarily from across the UK. These are largely riparian or aquatic species and comprise the following:
Japanese Knotweed (Fallopia japonica)
Himalayan Balsam (Impatiens glandulifera)
Orange Balsam (Impatiens capensis)
Water Fern (Azolla filiculoides)
New Zealand (Pigmyweed Crassula helmsii)
Parrot&amp;#39;s Feather (Myriophyllum aquaticum)
Giant Hogweed (Heracleum mantegazzianum)
Floating Pennywort (Hydrocotyle ranunculoides)
Creeping Water-primrose (Ludwigia peploides)
Piri-piri burr (Acaena novae-zelandiae)
American Skunk-cabbage (Lysichiton americanus)
Rhododendron (Rhododendron ponticum)
Monkey Flower (Mimulus guttatus, M. luteus &amp;amp; hybrids)
Curly Waterweed (Lagarosiphon major)
Gunnera spp (Gunnera spp)
Pampas Grass (Cortaderia selloana)</para>
    </abstract>
      <intellectualRights>
        <para>This work is licensed under a <ulink url="http://creativecommons.org/licenses/by-nc/4.0/legalcode"><citetitle>Creative Commons Attribution Non Commercial (CC-BY-NC) 4.0 License</citetitle></ulink>.</para>
      </intellectualRights>
      <distribution scope="document">
          <online>
              <url function="information">https://registry.nbnatlas.org/public/show/dr1187</url>
          </online>
      </distribution>
      <purpose>
          <para>The project was originally conceived to provide the Environment Agency with a clearer picture of the UK distribution of the 16 target species and to engage the general public with data collection but it has now expanded encompass many other users including Scottish Natural Heritage, Scottish Environment Protection Agency, Jersey Government among others.</para>
      </purpose>
      <contact>
    <individualName>
          <surName>Dave Kilbey</surName>
    </individualName>
<electronicMailAddress>dave.kilbey@gmail.com</electronicMailAddress>      </contact>
      <methods>
            <methodStep>
                <description>
                    <para>Data is collected using a smartphone application (see http://planttracker.naturelocator.org/ for further information and links to download the app). Data is collected by both experts and interested members of the public in the field. Critically, each record collected is verifiable since it is usually comprised of a photograph along with other relevant metadata. If a photo is missing records are accepted by other supporting information (text description) or reputation of the recorder. Records are also accurately geo-located since the app utilises the phone&apos;s inbuilt GPS capabilities, often resolving the location to a matter of metres. The app also contains a built-in photographic ID guide to aid users. Data collected by the PlantTracker App is being stored in the Indicia community data warehouse, hosted by the Biological Records Centre. Data is verified by experienced botanists using the iRecord system.</para>
                </description>
            </methodStep>
            <qualityControl>
                <description>
                    <para>Data quality high. 90% of records have a photograph attached and those without are validated based on recorder credentials. Geolocation accuracy high.</para>
                </description>
            </qualityControl>
      </methods>

</dataset>

<additionalMetadata>
    <metadata>
      <gbif>
        <dateStamp>2020-01-30T16:07:06Z</dateStamp>
      <citation>Nature Locator (2019). PlantTracker data from 2012 onwards. Occurrence dataset https://doi.org/10.15468/8y4bie accessed via GBIF.org on 2020-01-30.</citation>
              <resourceLogoUrl>https://registry.nbnatlas.org/data/dataProvider/NaturalApptitudelogo_color_white_1000px+%28002%29.png</resourceLogoUrl>
        </gbif>
    </metadata>
</additionalMetadata>

</eml:eml>
