<?xml version="1.0" encoding="utf-8"?>
<eml:eml xmlns:eml="eml://ecoinformatics.org/eml-2.1.1" xmlns:xsi="http://www.w3.org/2001/XMLSchema-instance"
         xsi:schemaLocation="eml://ecoinformatics.org/eml-2.1.1 http://rs.gbif.org/schema/eml-gbif-profile/1.1/eml.xsd"
        packageId="e351951e-32da-46d6-b61c-e9816d39e0d4"  system="http://gbif.org" scope="system"
  xml:lang="en">

<dataset>
      <alternateIdentifier>10.15468/h5k3ix</alternateIdentifier>
        <alternateIdentifier>https://registry.nbnatlas.org/public/show/dr1472</alternateIdentifier>
        <alternateIdentifier>e351951e-32da-46d6-b61c-e9816d39e0d4</alternateIdentifier>
        <alternateIdentifier>670a0e09-acbc-35d2-ad92-4c1016bafa87</alternateIdentifier>
    <title>North Merseyside Local Species Data (DEFRA Grant 23169)</title>
    <creator>
<organizationName>Merseyside BioBank</organizationName>    <address>
<deliveryPoint>Court Hey Park Roby Road</deliveryPoint><city>Knowsley</city><postalCode>L16 3NA</postalCode><country>UNITED_KINGDOM</country>    </address>
<phone>01517 374150</phone><electronicMailAddress>info@merseysidebiobank.org.uk</electronicMailAddress><onlineUrl>http://www.merseysidebiobank.org.uk</onlineUrl>    </creator>
    <metadataProvider>
<organizationName>Merseyside BioBank</organizationName>    <address>
<deliveryPoint>Court Hey Park Roby Road</deliveryPoint><city>Knowsley</city><postalCode>L16 3NA</postalCode><country>UNITED_KINGDOM</country>    </address>
<phone>01517 374150</phone><electronicMailAddress>info@merseysidebiobank.org.uk</electronicMailAddress><onlineUrl>http://www.merseysidebiobank.org.uk</onlineUrl>    </metadataProvider>
    <associatedParty>
<organizationName>NBN Atlas</organizationName>    <address>
<deliveryPoint>Unit F, 14 - 18 St Mary&apos;s Gate, Lace Market</deliveryPoint><city>Nottingham</city><administrativeArea>Nottinghamshire</administrativeArea><postalCode>NG1 1PF</postalCode><country>UNITED_KINGDOM</country>    </address>
<electronicMailAddress>admin@nbnatlas.org</electronicMailAddress>    <role>DISTRIBUTOR</role>
    </associatedParty>
      <pubDate>
      2018-05-08
      </pubDate>
    <language>ENGLISH</language>
    <abstract>
        <para>These data have been compiled from various sources as a result the DEFRA grant for releasing data under a license which permits commercial use. Data included here have been through a targeted process of validation and verification making use of established in-house validation and verification procedures. Records have only been included where permission has been granted by data suppliers to release these data for this purpose.</para>
    </abstract>
      <intellectualRights>
        <para>This work is licensed under a <ulink url="http://creativecommons.org/licenses/by/4.0/legalcode"><citetitle>Creative Commons Attribution (CC-BY) 4.0 License</citetitle></ulink>.</para>
      </intellectualRights>
      <distribution scope="document">
          <online>
              <url function="information">https://registry.nbnatlas.org/public/show/dr1472</url>
          </online>
      </distribution>
      <purpose>
          <para>Records were collected for a variety of reasons and are sourced from a number of different surveys. Many are the results of casual recording but also include structured surveilance and monitoring.</para>
      </purpose>
      <contact>
<organizationName>NBN Atlas</organizationName>    <address>
<deliveryPoint>Unit F, 14 - 18 St Mary&apos;s Gate, Lace Market</deliveryPoint><city>Nottingham</city><administrativeArea>Nottinghamshire</administrativeArea><postalCode>NG1 1PF</postalCode><country>UNITED_KINGDOM</country>    </address>
<electronicMailAddress>admin@nbnatlas.org</electronicMailAddress>      </contact>
      <methods>
            <methodStep>
                <description>
                    <para>Most of these records were provided by data-suppliers in electronic formats – mostly spreadsheets – which we manipulated and then imported to Recorder 6 via the import tool. Others were captured by Merseyside BioBank staff and volunteers from a variety of paper sources.</para>
                </description>
            </methodStep>
            <qualityControl>
                <description>
                    <para>Data have been collated from a variety of locally held sources and using a variety of methods. The majority of records within this dataset have been through a formal process of verification using locally recognised taxonomic experts (usually local representatives of a national scheme or society) where this has not been possible the NBN Record Cleaner been used to remove records of a dubious nature.</para>
                </description>
            </qualityControl>
      </methods>

</dataset>

<additionalMetadata>
    <metadata>
      <gbif>
        <dateStamp>2020-01-30T16:07:04Z</dateStamp>
      <citation>Merseyside BioBank (2018). North Merseyside Local Species Data (DEFRA Grant 23169). Occurrence dataset https://doi.org/10.15468/h5k3ix accessed via GBIF.org on 2020-01-30.</citation>
              <resourceLogoUrl>https://registry.nbnatlas.org/data/dataProvider/MBB.jpg</resourceLogoUrl>
        </gbif>
    </metadata>
</additionalMetadata>

</eml:eml>
