<?xml version="1.0" encoding="utf-8"?>
<eml:eml xmlns:eml="eml://ecoinformatics.org/eml-2.1.1" xmlns:xsi="http://www.w3.org/2001/XMLSchema-instance"
         xsi:schemaLocation="eml://ecoinformatics.org/eml-2.1.1 http://rs.gbif.org/schema/eml-gbif-profile/1.1/eml.xsd"
        packageId="10.15468/dl.ohvz6n"  system="http://gbif.org" scope="system"
  xml:lang="en">

<dataset>
        <alternateIdentifier>0002014-200127171203522</alternateIdentifier>
    <title>GBIF Occurrence Download 10.15468/dl.ohvz6n</title>
    <creator>
    <individualName>
          <surName>GBIF Download Service</surName>
    </individualName>
<electronicMailAddress>support@gbif.org</electronicMailAddress>    </creator>
    <metadataProvider>
    <individualName>
          <surName>GBIF Download Service</surName>
    </individualName>
<electronicMailAddress>support@gbif.org</electronicMailAddress>    </metadataProvider>
      <pubDate>
      2020-01-30
      </pubDate>
    <language>ENGLISH</language>
    <abstract>
        <para>A dataset containing all occurrences available in GBIF matching the query:
{
  &quot;and&quot; : [ &quot;Country is United Kingdom&quot;, {
    &quot;or&quot; : [ &quot;TaxonKey is Gunnera tinctoria (Molina) Mirb.&quot;, &quot;TaxonKey is Elodea nuttallii St.John&quot;, &quot;TaxonKey is Heracleum mantegazzianum Sommier &amp; Levier&quot;, &quot;TaxonKey is Hydrocotyle ranunculoides Bl.&quot;, &quot;TaxonKey is Impatiens glandulifera Royle&quot;, &quot;TaxonKey is Lagarosiphon major (Ridl.) Moss&quot;, &quot;TaxonKey is Lysichiton americanus Hultén &amp; H.St.John&quot;, &quot;TaxonKey is Myriophyllum aquaticum (Vell.) Verdc.&quot; ]
  } ]
}
The dataset includes records from the following constituent datasets. The full metadata for each constituent is also included in this archive:
1 records from Phase 2 Lowland Peatland Survey of Wales 2004 onwards
1 records from City of Edinburgh Natural Heritage Service - Ranger Ad-hoc records and sightings
1 records from Herbarium specimens of Université de Montpellier 2, Institut de Botanique (MPU))
1 records from ESA - Herbário da Escola Superior de Agricultura Luiz de Queiroz
1 records from Royal Botanic Gardens, Kew - Herbarium Specimens
1 records from Welsh Invertebrate Database (WID)
1 records from BioFresh Pond Data
1 records from Anymals+plants - Citizen Science Data
1 records from St Andrews BioBlitz 2015
1 records from Freshwater Bullhead Survey Data in Wales
1 records from Ad-hoc Bat Records from Across Wales
1 records from University of British Columbia Herbarium (UBC) - Vascular Plant Collection
2 records from Colección de plantas vasculares del herbario de la Universitat de València (VAL).
2 records from Herbario de Plantas Vasculares de la Universidad de Salamanca: SALA
2 records from Vascular plant herbarium, Tromsø Museum
2 records from Phanerogamic Botanical Collections (S)
2 records from City of Edinburgh Natural Heritage Service - Historical Records
2 records from MBM - Herbário do Museu Botânico Municipal
2 records from Taxon occurrence data for the FungalRoot database
3 records from Institut Botanic de Barcelona (IBB-CSIC-ICUB), BC-Plantae
3 records from Merseyside BioBank Active Naturalists (verified)
3 records from SANT Herbarium vascular plants collection
3 records from Finchingfield Brook historic river corridor surveys
3 records from Invasive Non-Native Species, Outer Hebrides
4 records from EURISCO, The European Genetic Resources Search Catalogue
4 records from Casual records for Scottish Wildlife Trust reserves - Verified data
4 records from Staffordshire Wildlife Trust Nature Reserves Inventory
5 records from Meise Botanic Garden Herbarium (BR)
5 records from Species within North Ayrshire from 1984 - Present
5 records from naturgucker
6 records from River Blackwater historic river corridor surveys
6 records from Stackpole National Nature Reserve Species Inventory and Ad-hoc Sightings from Across Pembrokeshire
6 records from Freshwater Macrophyte Survey Data
7 records from Survey and monitoring records for Scottish Wildlife Trust reserves from reserve convenors and Trust volunteers - Verified data
7 records from Wildwatch North Pennines AONB project records for Cumbria
7 records from Online Atlas of Vascular Plants 2012-2020
7 records from Lothian Wildlife Information Centre Secret Garden Survey
8 records from Manchester Museum, University of Manchester, Botany Collection
9 records from CSIC-Real Jardín Botánico-Colección de Plantas Vasculares (MA)
9 records from The ecology of Najas flexilis (Slender naiad)
9 records from Phase 2 Woodland Survey of Wales
10 records from Patrick Roper’s Notebooks
11 records from Ireland&apos;s BioBlitz
12 records from PondNet data 2012-2014
13 records from WTSWW Data: All Taxa (West Wales)
14 records from Montgomeryshire Wildlife Trust records held by BIS
15 records from Environmental Monitoring Database Species data 1987 to 2015
15 records from Brecknock Wildlife Trust (Now WTSWW Brecknockhire) records held by BIS
16 records from Naturalis Biodiversity Center (NL) - Botany
20 records from Fife Nature Records Centre combined dataset
27 records from Yorkshire Wildlife Trust - Non-sensitive records from all taxonomic groups
28 records from Data from Defra Family Organisations supplied to Staffordshire Ecological Record
28 records from Stoke-on-Trent Environmental Survey results (1982-1984)
28 records from Dorset SSSI Species Records 1952 - 2004 (Natural England)
29 records from Freshwater Shad Monitoring Data
30 records from SER Species-based Surveys
31 records from Royal Botanic Garden Edinburgh Herbarium (E)
38 records from National Trust for Scotland Species Records
39 records from Dorset Sites of Nature Conservation Interest (SNCI) species records 2000-2008
41 records from NRW Regional Data: North Wales
43 records from Isle of Man historical wildlife records 1990 to 1994
45 records from Isle of Man historical wildlife records 1995 to 1999
49 records from RHS monitoring of native and naturalised plants and animals at its gardens and surrounding areas
54 records from TWIC Biodiversity Field Trip Data (1995-present)
55 records from Dorset Sites of Nature Conservation Interest (SNCI) species records pre 2000
59 records from Argyll Biological Records Dataset
62 records from River Pant historic river corridor surveys
65 records from NRW Regional Data: all taxa (excluding sensitive species), West Wales
65 records from iRecord Surveys
66 records from HBRG Invasive Non-native Plants Dataset
70 records from A common plants survey of vascular plants in South Northumberland and Durham, United Kingdom
73 records from Merseyside BioBank Active Naturalists (unverified)
80 records from Standing Waters Database - Scotland
88 records from Commissioned surveys and staff surveys and reports for Scottish Wildlife Trust reserves - Verified data
98 records from Isle of Man wildlife records from 01/01/2000 to 13/02/2017
102 records from Gloucestershire Historic Wildlife Sightings prior to 1st Jan 2000
112 records from Natural History Museum (London) Collection Specimens
124 records from Natural Resources Wales Regional Data : Mid-Wales
132 records from Leicestershire and Rutland Invasive Non-Native Species
142 records from Merseyside BioBank (unverified)
145 records from National Trust Species Records
150 records from All taxa records for Leicestershire and Rutland
167 records from Isle of Wight non-native invasive species
195 records from Invasive Non-native species data in the Clyde catchment, collated by Central Scotland Forest Trust
202 records from Distribution of &lt;i&gt;Impatiens glandulifera&lt;/i&gt; Royle along the river Irfon during June 2010
231 records from Shire Group IDB species data 2004 to present
250 records from National Plant Monitoring Scheme - England, Scotland, Wales
271 records from Vascular Plant Records up to 2010
316 records from Hertfordshire Flora Survey Records 1987-2005
452 records from SER Site-based Surveys
454 records from Rotherham Biological Records Centre - Non-sensitive Records from all taxonomic groups
454 records from Dorset Invasive Alien Plants - NBN South West Pilot Project Case Studies
476 records from Merseyside BioBank (verified)
666 records from Shropshire Ecological Data Network database
673 records from National Invasive Species Database
674 records from iNaturalist Research-grade Observations
687 records from Miscellaneous records held by BIS
692 records from North Merseyside Local Species Data (DEFRA Grant 23169)
696 records from Suffolk Biodiversity Information Service (SBIS) Dataset
700 records from Non Native Species Across Wales (1989 to 2012)
703 records from BRERC Notable Species records within the last 10 years
864 records from Invasive Non-Native Species
921 records from NBIS Records to December 2016
1003 records from BRERC species records from all years at full resolution excluding Notable Species within the last 10 years
1067 records from Scottish SNH-funded BSBI records
1149 records from Welsh BSBI data (ex-VPDB dataset) at hectad resolution
1154 records from River Macrophytes Database
1387 records from North East Scotland Invasive Non Native Plants
1460 records from Flora of Worcestershire
1488 records from RECORD Vascular Plant Data
1516 records from Cumbria Non Native Invasive Species
2083 records from INNS records held by BIS in Powys and Brecon Beacons National Park
2162 records from SEWBReC Vascular Plants (South East Wales)
2215 records from INNS Data: All Taxa (West Wales)
2308 records from Derbyshire Invasive Non-Native Species (INNS) 1900 - 2014
2330 records from INNS Data: All Taxa (South East Wales)
2432 records from Records of Invasive Non Native Species held on the Cofnod database
5048 records from Other BSBI Scottish data up to 2014
5289 records from LERN Records
5302 records from LERN Invasive Non-native Species Records
12132 records from Environment Agency England and Wales (2012) Non-native Species records v1
12729 records from PlantTracker data from 2012 onwards
14600 records from England Non Native Species records 1965 to 2017
</para>
    </abstract>
      <contact>
    <individualName>
          <surName>GBIF Download Service</surName>
    </individualName>
<electronicMailAddress>support@gbif.org</electronicMailAddress>      </contact>

</dataset>

<additionalMetadata>
    <metadata>
      <gbif>
        <dateStamp>2020-01-30T16:07:07Z</dateStamp>
      <citation identifier="10.15468/dl.ohvz6n">GBIF Occurrence Download 10.15468/dl.ohvz6n</citation>
              <physical>
                  <objectName>Darwin Core Archive</objectName>
                  <characterEncoding>UTF-8</characterEncoding>
                  <dataFormat>
                      <externallyDefinedFormat>
                          <formatName>Darwin Core Archive</formatName>
                      </externallyDefinedFormat>
                  </dataFormat>
                  <distribution>
                      <online>
                          <url function="download">http://api.gbif.org/v1/occurrence/download/request/0002014-200127171203522.zip</url>
                      </online>
                  </distribution>
              </physical>
        </gbif>
    </metadata>
</additionalMetadata>

</eml:eml>
